{
    "camera": {
        "enabled": false,
        "move_speed": 10.0,
        "pan": 10707.693359375,
        "position": {
            "x": 22.304580688476563,
            "y": 25.033966064453125,
            "z": 7.243857383728027
        },
        "tilt": -1743.8077392578125
    },
    "character": {
        "color": {
            "x": 0.054978854954242706,
            "y": 0.7009804248809814,
            "z": 0.5679799318313599
        },
        "jump_power": 5.0,
        "position": {
            "x": 13.933822631835938,
            "y": 4.3281049728393555,
            "z": 6.278731346130371
        },
        "size": 0.5799999833106995,
        "speed": 3.0,
        "y_position": 4.3281049728393555,
        "y_velocity": 0.0
    },
    "debug_options": {
        "w": 0.0,
        "x": -0.8700000047683716,
        "y": 10.0,
        "z": 0.0
    },
    "debug_terrain_settings": {
        "height": 10.0,
        "noise_settings": {
            "amplitude": 2.0,
            "frequency": 0.05000000074505806,
            "seed": 1
        }
    },
    "draw_options": {
        "draw_method": 0,
        "draw_mode": 0
    },
    "game_camera": {
        "distance": 8.039999961853027,
        "enabled": true,
        "field_of_view": 1.600000023841858,
        "max_distance": 100.0,
        "move_speed": 10.0,
        "pan": 634.4019165039063,
        "position": {
            "x": 20.377758026123047,
            "y": 9.110492706298828,
            "z": 5.782682418823242
        },
        "tilt": 36.500118255615234
    },
    "grass_settings": {
        "color": {
            "x": 0.686274528503418,
            "y": 0.11774317920207977,
            "z": 0.5357810258865356
        },
        "colors": [
            {
                "color": {
                    "w": 1.0,
                    "x": 0.2871031165122986,
                    "y": 0.7577639818191528,
                    "z": 0.09883879870176315
                },
                "position": 0.0
            },
            {
                "color": {
                    "w": 1.0,
                    "x": 0.028895482420921326,
                    "y": 0.6645962595939636,
                    "z": 0.1552458554506302
                },
                "position": 1.0
            }
        ],
        "count": 500,
        "depth": 7,
        "direction": {
            "x": 0.09995339065790176,
            "y": 0.9438219666481018,
            "z": -0.3149752616882324
        },
        "length": {
            "max": 1.649999976158142,
            "min": 0.49000000953674316
        },
        "wind_noise_move_speed": 0.3499999940395355,
        "wind_noise_settings": {
            "amplitude": 2.0,
            "frequency": 0.7099999785423279,
            "seed": 343
        },
        "wind_strength": 0.800000011920929,
        "world_max": {
            "x": 10.0,
            "y": 10.0
        },
        "world_min": {
            "x": 5.0,
            "y": 5.0
        }
    },
    "input_settings": {
        "mouse_sensitivity": {
            "x": 0.10000000149011612,
            "y": 0.10000000149011612
        }
    },
    "light_settings": {
        "ambient_color": {
            "x": 0.18466457724571228,
            "y": 0.2598039507865906,
            "z": 0.2553839683532715
        },
        "sun_angle": {
            "x": 45.0,
            "y": 20.0
        },
        "sun_color": {
            "x": 1.0,
            "y": 1.0,
            "z": 1.0
        }
    },
    "mouse_colors": [
        {
            "color": {
                "w": 1.0,
                "x": 0.2732919454574585,
                "y": 0.13506974279880524,
                "z": 0.039041705429553986
            },
            "position": 0.0
        },
        {
            "color": {
                "w": 1.0,
                "x": 0.7763975262641907,
                "y": 0.5293761491775513,
                "z": 0.37132054567337036
            },
            "position": 0.18918919563293457
        },
        {
            "color": {
                "w": 1.0,
                "x": 0.34906914830207825,
                "y": 0.3368697166442871,
                "z": 0.45962733030319214
            },
            "position": 0.7297297120094299
        },
        {
            "color": {
                "w": 1.0,
                "x": 1.0,
                "y": 1.0,
                "z": 1.0
            },
            "position": 1.0
        }
    ],
    "noise_settings": {
        "amplitude": 4.0,
        "frequency": 0.20000000298023224,
        "seed": 1
    },
    "voxel_settings": {
        "character_octree_depth": 6,
        "draw_octree_depth": 7,
        "rat_octree_depth": 6
    },
    "world_settings": {
        "colors": [
            {
                "color": {
                    "w": 1.0,
                    "x": 0.3540372848510742,
                    "y": 0.16805192828178406,
                    "z": 0.01759188435971737
                },
                "position": 0.0
            },
            {
                "color": {
                    "w": 1.0,
                    "x": 0.5031055808067322,
                    "y": 0.3044525384902954,
                    "z": 0.14374443888664246
                },
                "position": 0.5289575457572937
            },
            {
                "color": {
                    "w": 1.0,
                    "x": 0.16411477327346802,
                    "y": 0.4389573037624359,
                    "z": 0.09053489565849304
                },
                "position": 0.9343629479408264
            },
            {
                "color": {
                    "w": 1.0,
                    "x": 0.4285714030265808,
                    "y": 0.05590062960982323,
                    "z": 0.31977933645248413
                },
                "position": 1.0
            }
        ],
        "octree_depth": 7,
        "world_size": 20.0
    }
}