{
    "camera": {
        "enabled": false,
        "move_speed": 10.0,
        "pan": 9890.517578125,
        "position": {
            "x": 3.644570827484131,
            "y": 3.631161689758301,
            "z": 11.142425537109375
        },
        "tilt": -1791.39990234375
    },
    "character": {
        "color": {
            "x": 0.6323529481887817,
            "y": 0.16219088435173035,
            "z": 0.04029699042439461
        },
        "jump_power": 5.0,
        "position": {
            "x": 8.062080383300781,
            "y": 1.9674122333526611,
            "z": 6.803136825561523
        },
        "size": 2.2899999618530273,
        "speed": 3.0,
        "y_position": 1.9674122333526611,
        "y_velocity": 0.0
    },
    "debug_options": {
        "a": 40.0,
        "b": 8.029999732971191,
        "c": 0.0,
        "d": 5.949999809265137
    },
    "game_camera": {
        "distance": 6.739999771118164,
        "enabled": true,
        "move_speed": 10.0,
        "pan": -8029.56982421875,
        "position": {
            "x": 12.79348373413086,
            "y": 4.728066444396973,
            "z": 8.862730979919434
        },
        "tilt": 4704.17919921875
    },
    "grass_settings": {
        "color": {
            "x": 0.686274528503418,
            "y": 0.11774317920207977,
            "z": 0.5357810258865356
        },
        "colors": [
            {
                "color": {
                    "w": 1.0,
                    "x": 0.34828904271125793,
                    "y": 0.9192546606063843,
                    "z": 0.11990280449390411
                },
                "position": 0.0
            },
            {
                "color": {
                    "w": 1.0,
                    "x": 0.030785854905843735,
                    "y": 0.8260869383811951,
                    "z": 0.1888580173254013
                },
                "position": 1.0
            }
        ],
        "count": 600,
        "depth": 8,
        "direction": {
            "x": 0.09995339065790176,
            "y": 0.9438219666481018,
            "z": -0.3149752616882324
        },
        "length": {
            "max": 0.6800000071525574,
            "min": 0.27000001072883606
        },
        "wind_noise_move_speed": 0.3499999940395355,
        "wind_noise_settings": {
            "amplitude": 2.0,
            "frequency": 0.7099999785423279,
            "seed": 343
        },
        "wind_strength": 0.800000011920929,
        "world_max": {
            "x": 3.630000114440918,
            "y": 3.6700000762939453
        },
        "world_min": {
            "x": 1.0,
            "y": 1.0
        }
    },
    "input_settings": {
        "mouse_sensitivity": {
            "x": 0.10000000149011612,
            "y": 0.10000000149011612
        }
    },
    "light_settings": {
        "ambient_color": {
            "x": 0.17685502767562866,
            "y": 0.24651165306568146,
            "z": 0.39215683937072754
        },
        "sun_angle": {
            "x": 0.0,
            "y": 45.0099983215332
        },
        "sun_color": {
            "x": 1.0,
            "y": 1.0,
            "z": 1.0
        }
    },
    "mouse_colors": [
        {
            "color": {
                "w": 1.0,
                "x": 0.2732919454574585,
                "y": 0.13506974279880524,
                "z": 0.039041705429553986
            },
            "position": 0.0
        },
        {
            "color": {
                "w": 1.0,
                "x": 0.7763975262641907,
                "y": 0.5293761491775513,
                "z": 0.37132054567337036
            },
            "position": 0.18918919563293457
        },
        {
            "color": {
                "w": 1.0,
                "x": 0.34906914830207825,
                "y": 0.3368697166442871,
                "z": 0.45962733030319214
            },
            "position": 0.7297297120094299
        },
        {
            "color": {
                "w": 1.0,
                "x": 1.0,
                "y": 1.0,
                "z": 1.0
            },
            "position": 1.0
        }
    ],
    "noise_settings": {
        "amplitude": 4.0,
        "frequency": 0.20000000298023224,
        "seed": 1
    },
    "voxel_settings": {
        "character_octree_depth": 7,
        "draw_octree_depth": 10,
        "rat_octree_depth": 7
    },
    "world_settings": {
        "colors": [
            {
                "color": {
                    "w": 1.0,
                    "x": 0.3540372848510742,
                    "y": 0.16805192828178406,
                    "z": 0.01759188435971737
                },
                "position": 0.0
            },
            {
                "color": {
                    "w": 1.0,
                    "x": 0.5031055808067322,
                    "y": 0.3044525384902954,
                    "z": 0.14374443888664246
                },
                "position": 0.5289575457572937
            },
            {
                "color": {
                    "w": 1.0,
                    "x": 0.4285714030265808,
                    "y": 0.05590062960982323,
                    "z": 0.31977933645248413
                },
                "position": 1.0
            }
        ],
        "octree_depth": 6
    }
}