{
    "camera": {
        "field_of_view": 1.600000023841858,
        "max_distance": 100.0
    },
    "character": {
        "color": {
            "x": 0.9754902124404907,
            "y": 0.27059441804885864,
            "z": 0.1195453479886055
        },
        "jump_power": 6.0,
        "position": {
            "x": 5.90315580368042,
            "y": 12.384862899780273,
            "z": 3.0592572689056396
        },
        "size": 1.0,
        "speed": 6.0,
        "start_position": {
            "x": 10.0,
            "y": 17.940000534057617,
            "z": 10.0
        },
        "y_position": 12.384862899780273,
        "y_velocity": 0.0
    },
    "cloud_settings": {
        "direction": {
            "x": 1.0,
            "y": 0.0,
            "z": 0.0
        },
        "max": {
            "x": 40.0,
            "y": 20.0,
            "z": 30.0
        },
        "min": {
            "x": -5.0,
            "y": 5.0,
            "z": 0.0
        },
        "speed": 1.0
    },
    "debug_character": {
        "color": {
            "x": 0.21482108533382416,
            "y": 0.0,
            "z": 0.7303921580314636
        },
        "jump_power": 6.0,
        "position": {
            "x": 2.5,
            "y": 12.647459030151367,
            "z": 2.5
        },
        "size": 1.0,
        "speed": 0.0,
        "start_position": {
            "x": 10.0,
            "y": 10.0,
            "z": 10.0
        },
        "y_position": 12.647459030151367,
        "y_velocity": 0.0
    },
    "debug_terrain_settings": {
        "height": 6.0,
        "noise_settings": {
            "amplitude": 2.0,
            "frequency": 0.05000000074505806,
            "seed": 1
        }
    },
    "draw_options": {
        "debug_options": {
            "w": 0.0,
            "x": 0.5,
            "y": 10.0,
            "z": 1.159999966621399
        },
        "draw_flags": 2,
        "draw_method": 0,
        "draw_mode": 0,
        "voxel_settings": {
            "chunks_in_unit": 0.8999999761581421,
            "voxels_in_chunk": 10
        }
    },
    "editor_camera_controller": {
        "move_speed": 10.0,
        "pan": 14976.0224609375,
        "position": {
            "x": 4.8308281898498535,
            "y": 16.370847702026367,
            "z": 24.402511596679688
        },
        "tilt": -4658.03515625
    },
    "game_camera_controller": {
        "distance": 15.0,
        "move_speed": 10.0,
        "pan": 1898.4119873046875,
        "position": {
            "x": -8.764701843261719,
            "y": 14.65397834777832,
            "z": 5.228374481201172
        },
        "tilt": 8.700786590576172
    },
    "grass_settings": {
        "chunk_world_position": {
            "x": 4.0,
            "y": 12.0,
            "z": 10.0
        },
        "colors": {
            "points": [
                {
                    "color": {
                        "w": 1.0,
                        "x": 0.22531674802303314,
                        "y": 0.590062141418457,
                        "z": 0.051309775561094284
                    },
                    "position": 0.0
                },
                {
                    "color": {
                        "w": 1.0,
                        "x": 0.15264321863651276,
                        "y": 0.3788819909095764,
                        "z": 0.04471278563141823
                    },
                    "position": 1.0
                }
            ]
        },
        "count": 2000,
        "depth": 8,
        "direction": {
            "x": 0.09995339065790176,
            "y": 0.9438219666481018,
            "z": -0.3149752616882324
        },
        "flower_colors": {
            "points": [
                {
                    "color": {
                        "w": 1.0,
                        "x": 0.9378882050514221,
                        "y": 0.302920401096344,
                        "z": 0.5632177591323853
                    },
                    "position": 0.0
                },
                {
                    "color": {
                        "w": 1.0,
                        "x": 0.0,
                        "y": 0.8322982788085938,
                        "z": 1.0
                    },
                    "position": 1.0
                }
            ]
        },
        "flower_probability": 0.05000000074505806,
        "length": {
            "max": 1.5540000200271606,
            "min": 0.5540000200271606
        },
        "parent_position": {
            "x": 0.0,
            "y": 10.0,
            "z": 0.0
        },
        "wind_noise_move_speed": 0.3499999940395355,
        "wind_noise_settings": {
            "amplitude": 2.0,
            "frequency": 0.7099999785423279,
            "seed": 343
        },
        "wind_strength": 0.800000011920929,
        "world_max": {
            "x": 14.0,
            "y": 14.0
        },
        "world_min": {
            "x": 0.0,
            "y": 0.0
        }
    },
    "input_settings": {
        "mouse_sensitivity": {
            "x": 0.10000000149011612,
            "y": 0.10000000149011612
        }
    },
    "light_settings": {
        "ambient_color": {
            "x": 0.38725489377975464,
            "y": 0.3224891126155853,
            "z": 0.27715304493904114
        },
        "sun_angle": {
            "x": -26.540000915527344,
            "y": 20.0
        },
        "sun_color": {
            "x": 1.1764706373214722,
            "y": 1.1764706373214722,
            "z": 1.1764706373214722
        }
    },
    "mouse_colors": {
        "points": [
            {
                "color": {
                    "w": 1.0,
                    "x": 0.2732919454574585,
                    "y": 0.13506974279880524,
                    "z": 0.039041705429553986
                },
                "position": 0.0
            },
            {
                "color": {
                    "w": 1.0,
                    "x": 0.7763975262641907,
                    "y": 0.5293761491775513,
                    "z": 0.37132054567337036
                },
                "position": 0.18918919563293457
            },
            {
                "color": {
                    "w": 1.0,
                    "x": 0.34906914830207825,
                    "y": 0.3368697166442871,
                    "z": 0.45962733030319214
                },
                "position": 0.7297297120094299
            },
            {
                "color": {
                    "w": 1.0,
                    "x": 1.0,
                    "y": 1.0,
                    "z": 1.0
                },
                "position": 1.0
            }
        ]
    },
    "noise_settings": {
        "amplitude": 4.0,
        "frequency": 0.20000000298023224,
        "seed": 1
    },
    "rat_settings": {
        "colours": {
            "points": [
                {
                    "color": {
                        "w": 1.0,
                        "x": 0.27450981736183167,
                        "y": 0.13333334028720856,
                        "z": 0.03921568766236305
                    },
                    "position": 0.0
                },
                {
                    "color": {
                        "w": 1.0,
                        "x": 0.6149068474769592,
                        "y": 0.4158605635166168,
                        "z": 0.19871917366981506
                    },
                    "position": 0.1621621549129486
                },
                {
                    "color": {
                        "w": 1.0,
                        "x": 0.3490196168422699,
                        "y": 0.33725491166114807,
                        "z": 0.4588235318660736
                    },
                    "position": 0.6640926599502563
                },
                {
                    "color": {
                        "w": 1.0,
                        "x": 1.0,
                        "y": 1.0,