{
    "camera": {
        "field_of_view": 1.600000023841858,
        "max_distance": 100.0
    },
    "character": {
        "color": {
            "x": 0.9754902124404907,
            "y": 0.27059441804885864,
            "z": 0.1195453479886055
        },
        "jump_power": 6.0,
        "position": {
            "x": 11.603219985961914,
            "y": 14.81653881072998,
            "z": 10.367274284362793
        },
        "size": 1.0,
        "speed": 5.0,
        "start_position": {
            "x": 10.0,
            "y": 17.940000534057617,
            "z": 10.0
        },
        "y_position": 14.81653881072998,
        "y_velocity": 0.0
    },
    "debug_character": {
        "color": {
            "x": 0.21482108533382416,
            "y": 0.0,
            "z": 0.7303921580314636
        },
        "jump_power": 6.0,
        "position": {
            "x": 2.5,
            "y": -57230.95703125,
            "z": 2.5
        },
        "size": 1.0,
        "speed": 0.0,
        "start_position": {
            "x": 10.0,
            "y": 10.0,
            "z": 10.0
        },
        "y_position": -57230.95703125,
        "y_velocity": -33.10784912109375
    },
    "debug_terrain_settings": {
        "height": 6.0,
        "noise_settings": {
            "amplitude": 2.0,
            "frequency": 0.10000000149011612,
            "seed": 1
        }
    },
    "draw_options": {
        "debug_options": {
            "w": 0.0,
            "x": 0.47999998927116394,
            "y": 10.0,
            "z": 1.159999966621399
        },
        "draw_flags": 0,
        "draw_method": 0,
        "draw_mode": 0,
        "voxel_settings": {
            "chunks_in_unit": 0.8999999761581421,
            "chunks_in_world": {
                "x": 26,
                "y": 8,
                "z": 26
            },
            "voxels_in_chunk": 10
        }
    },
    "editor_camera_controller": {
        "enabled": false,
        "move_speed": 10.0,
        "pan": 12037.6962890625,
        "position": {
            "x": 3.134075880050659,
            "y": 15.83084487915039,
            "z": 29.701213836669922
        },
        "tilt": -4669.30029296875
    },
    "game_camera_controller": {
        "distance": 15.0,
        "enabled": false,
        "move_speed": 10.0,
        "pan": -7896.1318359375,
        "position": {
            "x": 6.176090717315674,
            "y": 21.533056259155273,
            "z": -1.8979063034057617
        },
        "tilt": 26.600557327270508
    },
    "grass_settings": {
        "chunk_world_position": {
            "x": 4.0,
            "y": 12.0,
            "z": 10.0
        },
        "colors": {
            "points": [
                {
                    "color": {
                        "w": 1.0,
                        "x": 0.22531674802303314,
                        "y": 0.590062141418457,
                        "z": 0.051309775561094284
                    },
                    "position": 0.0
                },
                {
                    "color": {
                        "w": 1.0,
                        "x": 0.15264321863651276,
                        "y": 0.3788819909095764,
                        "z": 0.04471278563141823
                    },
                    "position": 1.0
                }
            ]
        },
        "count": 2000,
        "depth": 8,
        "direction": {
            "x": 0.09995339065790176,
            "y": 0.9438219666481018,
            "z": -0.3149752616882324
        },
        "flower_colors": {
            "points": [
                {
                    "color": {
                        "w": 1.0,
                        "x": 0.9378882050514221,
                        "y": 0.302920401096344,
                        "z": 0.5632177591323853
                    },
                    "position": 0.0
                },
                {
                    "color": {
                        "w": 1.0,
                        "x": 0.0,
                        "y": 0.8322982788085938,
                        "z": 1.0
                    },
                    "position": 1.0
                }
            ]
        },
        "flower_probability": 0.05000000074505806,
        "length": {
            "max": 1.5540000200271606,
            "min": 0.5540000200271606
        },
        "parent_position": {
            "x": 0.0,
            "y": 10.0,
            "z": 0.0
        },
        "wind_noise_move_speed": 0.3499999940395355,
        "wind_noise_settings": {
            "amplitude": 2.0,
            "frequency": 0.7099999785423279,
            "seed": 343
        },
        "wind_strength": 0.800000011920929,
        "world_max": {
            "x": 14.0,
            "y": 14.0
        },
        "world_min": {
            "x": 0.0,
            "y": 0.0
        }
    },
    "input_settings": {
        "mouse_sensitivity": {
            "x": 0.10000000149011612,
            "y": 0.10000000149011612
        }
    },
    "light_settings": {
        "ambient_color": {
            "x": 0.18466457724571228,
            "y": 0.2598039507865906,
            "z": 0.2553839683532715
        },
        "sun_angle": {
            "x": -26.540000915527344,
            "y": 20.0
        },
        "sun_color": {
            "x": 1.5686274766921997,
            "y": 1.5686274766921997,
            "z": 1.5686274766921997
        }
    },
    "mouse_colors": {
        "points": [
            {
                "color": {
                    "w": 1.0,
                    "x": 0.2732919454574585,
                    "y": 0.13506974279880524,
                    "z": 0.039041705429553986
                },
                "position": 0.0
            },
            {
                "color": {
                    "w": 1.0,
                    "x": 0.7763975262641907,
                    "y": 0.5293761491775513,
                    "z": 0.37132054567337036
                },
                "position": 0.18918919563293457
            },
            {
                "color": {
                    "w": 1.0,
                    "x": 0.34906914830207825,
                    "y": 0.3368697166442871,
                    "z": 0.45962733030319214
                },
                "position": 0.7297297120094299
            },
            {
                "color": {
                    "w": 1.0,
                    "x": 1.0,
                    "y": 1.0,
                    "z": 1.0
                },
                "position": 1.0
            }
        ]
    },
    "noise_settings": {
        "amplitude": 4.0,
        "frequency": 0.20000000298023224,
        "seed": 1
    },
    "world_settings": {
        "colors": {
            "points": [
                {
                    "color": {
                        "w": 1.0,
                        "x": 0.5962733030319214,
                        "y": 0.5813210010528564,
                        "z": 0.11481039971113205
                    },
                    "position": 0.0
                },
                {
                    "color": {
                        "w": 1.0,
                        "x": 0.6273292303085327,
                        "y": 0.1644497513771057,
                        "z": 0.05844683572649956
                    },
                    "position": 0.5289575457572937
                },
                {
                    "color": {
                        "w": 1.0,
                        "x": 0.16411477327346802,
                        "y": 0.4389573037624359,
                        "z": 0.09053489565849304
                    },
                    "position": 0.9343629479408264
                },
                {
                    "color": {
                        "w": 1.0,
                        "x": 0.4285714030265808,
                        "y": 0.05590062960982323,
                        "z": 0.31977933645248413
                    },