{
    "Alpha": 1.0,
    "AntiAliasedFill": true,
    "AntiAliasedLines": true,
    "AntiAliasedLinesUseTex": true,
    "ButtonTextAlign": {
        "x": 0.5,
        "y": 0.5
    },
    "CellPadding": {
        "x": 4.0,
        "y": 2.0
    },
    "ChildBorderSize": 1.0,
    "ChildRounding": 0.0,
    "CircleTessellationMaxError": 0.30000001192092896,
    "ColorButtonPosition": 1,
    "Colors": {
        "Border": {
            "w": 0.5,
            "x": 0.4300000071525574,
            "y": 0.4300000071525574,
            "z": 0.5
        },
        "BorderShadow": {
            "w": 0.0,
            "x": 0.0,
            "y": 0.0,
            "z": 0.0
        },
        "Button": {
            "w": 0.4000000059604645,
            "x": 0.25999999046325684,
            "y": 0.5899999737739563,
            "z": 0.9800000190734863
        },
        "ButtonActive": {
            "w": 1.0,
            "x": 0.05999999865889549,
            "y": 0.5299999713897705,
            "z": 0.9800000190734863
        },
        "ButtonHovered": {
            "w": 1.0,
            "x": 0.25999999046325684,
            "y": 0.5899999737739563,
            "z": 0.9800000190734863
        },
        "CheckMark": {
            "w": 1.0,
            "x": 0.25999999046325684,
            "y": 0.5899999737739563,
            "z": 0.9800000190734863
        },
        "ChildBg": {
            "w": 0.0,
            "x": 0.0,
            "y": 0.0,
            "z": 0.0
        },
        "DragDropTarget": {
            "w": 0.8999999761581421,
            "x": 1.0,
            "y": 1.0,
            "z": 0.0
        },
        "FrameBg": {
            "w": 0.5400000214576721,
            "x": 0.1599999964237213,
            "y": 0.28999999165534973,
            "z": 0.47999998927116394
        },
        "FrameBgActive": {
            "w": 0.6700000166893005,
            "x": 0.25999999046325684,
            "y": 0.5899999737739563,
            "z": 0.9800000190734863
        },
        "FrameBgHovered": {
            "w": 0.4000000059604645,
            "x": 0.25999999046325684,
            "y": 0.5899999737739563,
            "z": 0.9800000190734863
        },
        "Header": {
            "w": 0.3100000023841858,
            "x": 0.25999999046325684,
            "y": 0.5899999737739563,
            "z": 0.9800000190734863
        },
        "HeaderActive": {
            "w": 1.0,
            "x": 0.25999999046325684,
            "y": 0.5899999737739563,
            "z": 0.9800000190734863
        },
        "HeaderHovered": {
            "w": 0.800000011920929,
            "x": 0.25999999046325684,
            "y": 0.5899999737739563,
            "z": 0.9800000190734863
        },
        "MenuBarBg": {
            "w": 1.0,
            "x": 0.14000000059604645,
            "y": 0.14000000059604645,
            "z": 0.14000000059604645
        },
        "ModalWindowDimBg": {
            "w": 0.3499999940395355,
            "x": 0.800000011920929,
            "y": 0.800000011920929,
            "z": 0.800000011920929
        },
        "NavHighlight": {
            "w": 1.0,
            "x": 0.25999999046325684,
            "y": 0.5899999737739563,
            "z": 0.9800000190734863
        },
        "NavWindowingDimBg": {
            "w": 0.20000000298023224,
            "x": 0.800000011920929,
            "y": 0.800000011920929,
            "z": 0.800000011920929
        },
        "NavWindowingHighlight": {
            "w": 0.699999988079071,
            "x": 1.0,
            "y": 1.0,
            "z": 1.0
        },
        "PlotHistogram": {
            "w": 1.0,
            "x": 0.8999999761581421,
            "y": 0.699999988079071,
            "z": 0.0
        },
        "PlotHistogramHovered": {
            "w": 1.0,
            "x": 1.0,
            "y": 0.6000000238418579,
            "z": 0.0
        },
        "PlotLines": {
            "w": 1.0,
            "x": 0.6100000143051147,
            "y": 0.6100000143051147,
            "z": 0.6100000143051147
        },
        "PlotLinesHovered": {
            "w": 1.0,
            "x": 1.0,
            "y": 0.4300000071525574,
            "z": 0.3499999940395355
        },
        "PopupBg": {
            "w": 0.9399999976158142,
            "x": 0.07999999821186066,
            "y": 0.07999999821186066,
            "z": 0.07999999821186066
        },
        "ResizeGrip": {
            "w": 0.20000000298023224,
            "x": 0.25999999046325684,
            "y": 0.5899999737739563,
            "z": 0.9800000190734863
        },
        "ResizeGripActive": {
            "w": 0.949999988079071,
            "x": 0.25999999046325684,
            "y": 0.5899999737739563,
            "z": 0.9800000190734863
        },
        "ResizeGripHovered": {
            "w": 0.6700000166893005,
            "x": 0.25999999046325684,
            "y": 0.5899999737739563,
            "z": 0.9800000190734863
        },
        "ScrollbarBg": {
            "w": 0.5299999713897705,
            "x": 0.019999999552965164,
            "y": 0.019999999552965164,
            "z": 0.019999999552965164
        },
        "ScrollbarGrab": {
            "w": 1.0,
            "x": 0.3100000023841858,
            "y": 0.3100000023841858,
            "z": 0.3100000023841858
        },
        "ScrollbarGrabActive": {
            "w": 1.0,
            "x": 0.5099999904632568,
            "y": 0.5099999904632568,
            "z": 0.5099999904632568
        },
        "ScrollbarGrabHovered": {
            "w": 1.0,
            "x": 0.4099999964237213,
            "y": 0.4099999964237213,
            "z": 0.4099999964237213
        },
        "Separator": {
            "w": 0.5,
            "x": 0.4300000071525574,
            "y": 0.4300000071525574,
            "z": 0.5
        },
        "SeparatorActive": {
            "w": 1.0,
            "x": 0.10000000149011612,
            "y": 0.4000000059604645,
            "z": 0.75
        },
        "SeparatorHovered": {
            "w": 0.7799999713897705,
            "x": 0.10000000149011612,
            "y": 0.4000000059604645,
            "z": 0.75
        },
        "SliderGrab": {
            "w": 1.0,
            "x": 0.23999999463558197,
            "y": 0.5199999809265137,
            "z": 0.8799999952316284
        },
        "SliderGrabActive": {
            "w": 1.0,
            "x": 0.25999999046325684,
            "y": 0.5899999737739563,
            "z": 0.9800000190734863
        },
        "Tab": {
            "w": 0.8619999885559082,
            "x": 0.17999999225139618,
            "y": 0.34999996423721313,
            "z": 0.5800000429153442
        },
        "TabActive": {
            "w": 1.0,
            "x": 0.19999998807907104,
            "y": 0.4099999666213989,
            "z": 0.6800000071525574
        },
        "TabHovered": {
            "w": 0.800000011920929,
            "x": 0.25999999046325684,
            "y": 0.5899999737739563,
            "z": 0.9800000190734863
        },
        "TabUnfocused": {
            "w": 0.9724000096321106,
            "x": 0.06800000369548798,
            "y": 0.10199998319149017,
            "z": 0.14800003170967102
        },
        "TabUnfocusedActive": {
            "w": 1.0,
            "x": 0.13599997758865356,
            "y": 0.2619999647140503,
            "z": 0.42399999499320984
        },
        "TableBorderLight": {
            "w": 1.0,
            "x": 0.23000000417232513,
            "y": 0.23000000417232513,
            "z": 0.25
        },
        "TableBorderStrong": {
            "w": 1.0,
            "x": 0.3100000023841858,
            "y": 0.3100000023841858,
            "z": 0.3499999940395355
        },
        "TableHeaderBg": {
            "w": 1.0,
            "x": 0.1899999976158142,
            "y": 0.1899999976158142,
            "z": 0.20000000298023224
        },
        "TableRowBg": {
            "w": 0.0,
            "x": 0.0,
            "y": 0.0,
            "z": 0.0
        },